gene_ids,T cell of anorectum,colon epithelial cell,myeloid cell,plasma cell,stromal cell of lamina propria of colon
ISG15,1.0,0.0,0.0,0.0,0.0
MRPL20,0.0,0.0,0.0,1.0,0.0
RPL22,5.0,1.0,4.0,9.0,7.0
PARK7,1.0,0.0,0.0,1.0,2.0
ENO1,1.0,0.0,0.0,0.0,1.0
CAPZB,1.0,0.0,0.0,0.0,1.0
MICOS10,0.0,0.0,0.0,0.0,1.0
DDOST,0.0,0.0,0.0,2.0,0.0
CDC42,1.0,0.0,1.0,1.0,1.0
HNRNPR,0.0,0.0,0.0,0.0,1.0
ID3,0.0,0.0,0.0,0.0,5.0
RPL11,15.0,3.0,10.0,28.0,15.0
PNRC2,0.0,0.0,0.0,0.0,1.0
SRSF10,0.0,0.0,0.0,0.0,1.0
SRRM1,1.0,0.0,0.0,1.0,1.0
RUNX3,1.0,0.0,0.0,0.0,0.0
SYF2,0.0,0.0,0.0,0.0,1.0
RSRP1,1.0,1.0,0.0,1.0,2.0
TMEM50A,0.0,0.0,0.0,0.0,1.0
SH3BGRL3,4.0,1.0,2.0,1.0,1.0
CD52,4.0,0.0,0.0,0.0,0.0
HMGN2,0.0,0.0,0.0,1.0,1.0
NUDC,0.0,0.0,0.0,0.0,1.0
DNAJC8,0.0,0.0,0.0,0.0,1.0
ATP5IF1,1.0,1.0,0.0,1.0,1.0
LAPTM5,1.0,0.0,1.0,0.0,0.0
EIF3I,0.0,0.0,0.0,1.0,1.0
LCK,1.0,0.0,0.0,0.0,0.0
SFPQ,0.0,0.0,0.0,0.0,1.0
NDUFS5,1.0,0.0,1.0,1.0,1.0
PABPC4,0.0,0.0,0.0,1.0,0.0
YBX1,0.0,0.0,1.0,1.0,1.0
ATP6V0B,0.0,0.0,0.0,1.0,0.0
RPS8,12.0,3.0,7.0,30.0,17.0
PRDX1,0.0,0.0,2.0,2.0,2.0
AKR1A1,0.0,0.0,0.0,1.0,0.0
NASP,0.0,0.0,0.0,0.0,1.0
TSPAN1,0.0,1.0,0.0,0.0,0.0
UQCRH,1.0,0.0,1.0,3.0,1.0
TMEM59,1.0,0.0,0.0,6.0,2.0
PLPP3,0.0,0.0,0.0,0.0,1.0
JUN,0.0,1.0,0.0,2.0,6.0
NFIA,0.0,0.0,0.0,0.0,1.0
LEPROT,0.0,0.0,0.0,0.0,1.0
PDE4B,0.0,0.0,0.0,1.0,0.0
SERBP1,1.0,0.0,0.0,1.0,1.0
SRSF11,0.0,0.0,0.0,0.0,1.0
ZRANB2,0.0,0.0,0.0,1.0,1.0
GNG5,0.0,0.0,0.0,1.0,1.0
CCN1,0.0,0.0,0.0,0.0,1.0
SELENOF,0.0,0.0,0.0,1.0,0.0
GBP1,0.0,0.0,0.0,0.0,1.0
GBP2,0.0,0.0,0.0,0.0,1.0
RPL5,7.0,0.0,4.0,18.0,9.0
CNN3,0.0,0.0,0.0,0.0,1.0
VCAM1,0.0,0.0,0.0,0.0,1.0
GSTM3,0.0,0.0,0.0,0.0,1.0
CSF1,0.0,0.0,0.0,0.0,1.0
LAMTOR5,0.0,0.0,0.0,1.0,1.0
CD53,1.0,0.0,0.0,0.0,0.0
RHOC,0.0,0.0,0.0,0.0,1.0
PTPN22,1.0,0.0,0.0,0.0,0.0
BCAS2,0.0,0.0,0.0,1.0,0.0
CSDE1,0.0,0.0,0.0,2.0,1.0
CD2,1.0,0.0,0.0,0.0,0.0
TENT5C,0.0,0.0,0.0,3.0,0.0
LINC02802,0.0,0.0,0.0,0.0,1.0
RBM8A,1.0,0.0,1.0,1.0,1.0
TXNIP,0.0,0.0,0.0,1.0,5.0
MRPS21,0.0,0.0,0.0,0.0,1.0
ECM1,0.0,0.0,0.0,0.0,1.0
MCL1,1.0,0.0,1.0,2.0,2.0
CTSS,0.0,0.0,0.0,1.0,0.0
CTSK,0.0,0.0,0.0,0.0,1.0
S100A10,1.0,2.0,1.0,0.0,2.0
S100A11,1.0,0.0,2.0,1.0,4.0
S100A6,2.0,12.0,4.0,1.0,20.0
S100A4,4.0,0.0,3.0,0.0,8.5
S100A13,0.0,0.0,0.0,0.0,3.0
RAB13,0.0,0.0,0.0,0.0,1.0
RPS27,41.0,5.0,11.0,46.0,29.0
TPM3,1.0,1.0,1.0,0.0,0.0
HAX1,0.0,0.0,0.0,1.0,0.0
KRTCAP2,0.0,0.0,0.0,3.0,1.0
SSR2,1.0,0.0,0.0,4.0,1.0
LMNA,0.0,1.0,3.0,1.0,2.0
FCRL5,0.0,0.0,0.0,1.0,0.0
IFI16,0.0,0.0,0.0,0.0,2.0
TAGLN2,1.0,0.0,1.0,1.0,2.0
CD48,1.0,0.0,0.0,1.0,0.0
SLAMF7,0.0,0.0,0.0,1.0,0.0
TSTD1,0.0,0.0,0.0,1.0,0.0
PFDN2,0.0,0.0,0.0,0.0,1.0
UFC1,0.0,0.0,0.0,1.0,0.0
FCER1G,0.0,0.0,2.0,0.0,0.0
PBX1,0.0,0.0,0.0,0.0,1.0
MGST3,0.0,0.0,0.0,1.0,1.0
TMCO1,0.0,0.0,0.0,1.0,1.0
PRRC2C,1.0,0.0,0.0,1.0,1.0
PRDX6,0.0,0.0,0.0,0.0,1.0
QSOX1,0.0,0.0,0.0,0.0,1.0
GLUL,0.0,0.0,1.0,0.0,1.0
ARPC5,1.0,0.0,0.0,0.0,1.0
RGS1,2.0,0.0,1.0,2.0,0.0
CFH,0.0,0.0,0.0,0.0,3.0
PTPRC,3.0,0.0,0.0,0.0,0.0
ELF3,0.0,5.0,0.0,0.0,0.0
BTG2,1.0,1.0,0.0,3.0,3.0
SNRPE,0.0,0.0,0.0,0.0,0.5
PPP1R15B,0.0,0.0,0.0,0.0,1.0
NUCKS1,0.0,0.0,0.0,0.0,2.0
PIGR,0.0,5.0,0.0,0.0,0.0
ATF3,0.0,0.0,0.0,0.0,1.0
EPHX1,0.0,0.0,0.0,0.0,1.0
H3-3A,4.0,1.0,3.0,5.0,7.0
ARF1,1.0,0.0,0.0,1.0,1.0
GUK1,0.0,0.0,0.0,1.0,0.0
TOMM20,1.0,0.0,0.0,1.0,1.0
ARID4B,1.0,0.0,0.0,0.0,1.0
HNRNPU,0.0,0.0,0.0,0.0,1.0
RPS7,10.0,1.0,6.0,19.0,12.0
ENSG00000235576,1.0,0.0,0.0,0.0,0.0
ID2,1.0,0.0,0.0,0.0,1.0
PDIA6,0.0,0.0,0.0,3.0,0.0
LAPTM4A,0.0,0.0,1.0,1.0,3.0
RHOB,0.0,0.0,0.0,0.0,1.0
SF3B6,0.0,0.0,0.0,1.0,1.0
OST4,2.0,0.0,1.0,6.0,3.0
ATRAID,0.0,0.0,0.0,1.0,1.0
MRPL33,0.0,0.0,0.0,0.0,1.0
PPP1CB,1.0,0.0,0.0,0.0,0.0
YPEL5,1.0,0.0,0.0,3.0,0.0
SRSF7,3.0,0.0,1.0,2.0,2.0
EML4,1.0,0.0,0.0,0.0,0.0
COX7A2L,0.0,0.0,0.0,1.0,1.0
ZFP36L2,2.0,0.0,0.0,1.0,2.0
PLEKHH2,0.0,0.0,0.0,0.0,1.0
CALM2,1.0,0.0,1.0,1.0,3.0
EPCAM,0.0,1.0,0.0,0.0,0.0
ERLEC1,0.0,0.0,0.0,1.0,0.0
SPTBN1,0.0,0.0,0.0,0.0,1.0
RTN4,0.0,0.0,0.0,0.0,1.0
RPS27A,19.0,1.0,9.0,31.0,18.0
EFEMP1,0.0,0.0,0.0,0.0,1.0
REL,2.0,0.0,1.0,0.0,0.0
SNRPG,1.0,0.0,0.0,1.0,1.0
AUP1,0.0,0.0,0.0,1.0,0.0
TMSB10,8.0,5.0,6.0,7.0,16.0
CAPG,0.0,0.0,1.0,0.0,0.0
MAT2A,0.0,0.0,0.0,0.0,1.0
VAMP8,1.0,0.0,1.0,1.0,0.0
VAMP5,0.0,0.0,0.0,0.0,1.0
RNF181,0.0,0.0,0.0,1.0,0.0
CYTOR,0.0,0.0,0.0,1.0,0.0
FABP1,0.0,2.0,0.0,0.0,0.0
ENSG00000211592,3.0,2.0,2.0,2184.0,2.0
DUSP2,1.0,0.0,0.0,0.0,0.0
COX5B,1.0,1.0,1.0,1.0,1.0
EIF5B,0.0,0.0,0.0,1.0,0.0
RPL31,3.0,1.0,1.0,3.0,2.0
ACTR3,1.0,0.0,0.0,0.0,0.0
DDX18,0.0,0.0,0.0,1.0,0.0
DBI,1.0,0.0,1.0,1.0,1.0
GYPC,0.0,0.0,0.0,1.0,0.0
UBXN4,0.0,0.0,0.0,1.0,0.0
CXCR4,4.0,0.0,0.0,0.0,0.0
ZEB2,0.0,0.0,0.0,0.0,1.0
RND3,0.0,0.0,0.0,0.0,1.0
NR4A2,1.0,0.0,0.0,0.0,0.0
CYTIP,1.0,0.0,0.0,2.0,0.0
PPIG,0.0,0.0,0.0,0.0,1.0
SSB,0.0,0.0,0.0,0.0,1.0
WIPF1,1.0,0.0,0.0,0.0,0.0
ATP5MC3,0.0,1.0,0.0,1.0,1.0
HNRNPA3,1.0,0.0,1.0,1.0,2.0
NFE2L2,0.0,0.0,0.0,0.0,1.0
TFPI,0.0,0.0,0.0,0.0,1.0
COL3A1,0.0,0.0,0.0,0.0,9.0
COL5A2,0.0,0.0,0.0,0.0,1.0
ORMDL1,0.0,0.0,0.0,1.0,0.0
STK17B,1.0,0.0,0.0,1.0,0.0
SF3B1,0.0,0.0,0.0,0.0,1.0
HSPD1,0.0,0.0,0.0,1.0,1.0
HSPE1,1.0,0.0,1.0,1.0,1.0
BZW1,0.0,0.0,0.0,0.0,1.0
CFLAR,0.0,0.0,0.0,1.0,0.0
SUMO1,0.0,0.0,0.0,0.0,1.0
EEF1B2,4.0,1.0,2.0,12.0,3.0
FN1,0.0,0.0,0.0,0.0,4.0
XRCC5,0.0,0.0,0.0,0.0,1.0
RPL37A,9.0,3.0,6.0,19.0,10.0
ARPC2,2.0,0.0,1.0,2.0,0.5
ITM2C,0.0,1.0,0.0,1.0,0.0
NCL,1.0,0.0,1.0,1.0,2.0
PTMA,14.0,4.0,10.0,15.0,14.0
ARL4C,1.0,0.0,0.0,0.0,0.0
COL6A3,0.0,0.0,0.0,0.0,1.0
COPS9,0.0,0.0,0.0,1.0,1.0
HDLBP,0.0,0.0,0.0,1.0,1.0
SEPTIN2,0.0,0.0,0.0,0.0,1.0
BRK1,1.0,0.0,0.0,1.0,1.0
RPL32,17.0,2.0,8.0,29.0,17.0
LSM3,0.0,0.0,0.0,1.0,0.0
ANKRD28,0.0,0.0,0.0,2.0,0.0
RPL15,10.0,1.0,5.0,24.0,11.0
GOLGA4,0.0,0.0,0.0,1.0,0.0
RPSA,5.0,0.0,2.0,9.0,4.0
EIF1B,0.0,0.0,0.0,0.0,1.0
RPL14,8.0,1.0,5.0,16.0,8.0
ABHD5,0.0,0.0,0.0,0.0,1.0
TMA7,3.0,1.0,1.0,3.0,3.0
RHOA,1.0,0.0,1.0,1.0,2.0
GNAI2,0.0,0.0,0.0,0.0,1.0
MANF,0.0,0.0,0.0,2.0,0.0
RPL29,9.0,3.0,4.0,20.0,11.0
SPCS1,1.0,0.0,0.0,8.0,1.0
SELENOK,2.0,0.0,2.0,5.0,1.0
ARF4,0.0,0.0,0.0,1.0,1.0
FAM3D,0.0,1.0,0.0,0.0,0.0
ARL6IP5,1.0,0.0,0.0,0.0,1.0
CLDND1,1.0,0.0,0.0,0.0,0.0
FILIP1L,0.0,0.0,0.0,0.0,1.0
RPL24,6.0,1.0,4.0,14.0,9.0
NFKBIZ,0.0,0.0,0.0,0.0,2.0
CD96,1.0,0.0,0.0,0.0,0.0
CCDC80,0.0,0.0,0.0,0.0,1.0
ZBTB20,0.0,0.0,0.0,0.0,1.0
COX17,0.0,0.0,0.0,1.0,0.0
FSTL1,0.0,0.0,0.0,0.0,1.0
NDUFB4,0.0,0.0,0.0,2.0,1.0
GOLGB1,0.0,0.0,0.0,1.0,1.0
EAF2,0.0,0.0,0.0,1.0,0.0
RPN1,0.0,0.0,0.0,1.0,0.0
CNBP,1.0,0.0,0.0,1.0,1.0
SRPRB,0.0,0.0,0.0,1.0,0.0
RBP1,0.0,0.0,0.0,0.0,2.0
ZBTB38,0.0,0.0,0.0,1.0,0.0
RNF7,0.0,0.0,0.0,0.0,1.0
PLSCR1,0.0,0.0,0.0,0.0,1.0
TM4SF1,0.0,0.0,0.0,0.0,1.0
SERP1,0.0,0.0,0.0,1.0,0.0
EIF2A,0.0,0.0,0.0,1.0,0.0
SELENOT,0.0,0.0,0.0,1.0,0.0
MBNL1,1.0,0.0,0.0,0.0,0.0
SSR3,0.0,0.0,0.0,6.0,0.0
CCNL1,0.0,0.0,0.0,1.0,3.0
SEC62,1.0,0.0,1.0,4.0,2.0
RPL22L1,0.0,0.0,0.0,2.0,0.0
TNFSF10,0.0,0.0,0.0,0.0,1.0
AP2M1,0.0,0.0,0.0,0.0,1.0
TRA2B,0.0,0.0,0.0,0.0,1.0
EIF4A2,1.0,0.0,0.0,2.0,2.0
LPP,0.0,0.0,0.0,0.0,1.0
HES1,0.0,0.0,0.0,0.0,1.0
RPL35A,10.0,2.0,6.0,23.0,13.0
ATP5ME,1.0,1.0,1.0,2.0,1.0
LRPAP1,0.0,0.0,0.0,1.0,1.0
MRFAP1,0.0,0.0,0.0,0.0,1.0
LAP3,0.0,0.0,0.0,0.0,0.5
SOD3,0.0,0.0,0.0,0.0,1.0
RPL9,10.0,1.0,5.0,17.0,10.0
RHOH,1.0,0.0,0.0,1.0,0.0
OCIAD1,0.0,0.0,0.0,0.0,1.0
PDGFRA,0.0,0.0,0.0,0.0,1.0
SRP72,0.0,0.0,0.0,1.0,0.0
IGFBP7,0.0,0.0,0.0,0.0,3.0
JCHAIN,0.0,0.0,0.0,1115.0,0.0
G3BP2,1.0,0.0,0.0,0.0,0.0
CCNI,1.0,0.0,0.0,1.0,1.0
HNRNPDL,1.0,0.0,0.0,1.0,1.0
SPARCL1,0.0,0.0,0.0,0.0,2.0
ADH5,0.0,0.0,0.0,0.0,1.0
ADH1B,0.0,0.0,0.0,0.0,1.0
H2AZ1,1.0,0.0,1.0,1.0,2.0
UBE2D3,1.0,0.0,0.0,1.0,1.0
CISD2,0.0,0.0,0.0,1.0,0.0
RPL34,17.0,3.0,13.0,36.0,17.0
OSTC,0.0,0.0,0.0,2.0,1.0
ENSG00000269893,1.0,0.0,0.0,1.0,1.0
ARLN,1.0,0.0,0.0,1.0,1.0
ANXA5,0.0,0.0,1.0,1.0,2.0
SPRY1,0.0,0.0,0.0,0.0,1.0
NDUFC1,0.0,0.0,0.0,0.0,1.0
RPS3A,15.0,2.0,7.0,26.0,15.0
SPCS3,0.0,0.0,0.0,3.0,0.0
PDLIM3,0.0,0.0,0.0,0.0,1.0
NDUFS6,0.0,0.0,0.0,1.0,1.0
SUB1,2.0,0.0,1.0,7.0,1.0
IL7R,1.0,0.0,0.0,0.0,0.0
FYB1,1.0,0.0,0.0,0.0,0.0
DAB2,0.0,0.0,0.0,0.0,1.0
RPL37,14.0,3.0,8.0,23.0,15.0
SELENOP,0.0,0.0,0.0,0.0,3.0
PLPP1,0.0,0.0,0.0,0.0,1.0
IL6ST,0.0,0.0,0.0,0.0,1.0
GPBP1,1.0,0.0,0.0,1.0,1.0
BTF3,3.0,0.0,1.0,4.0,3.0
NSA2,0.0,0.0,0.0,1.0,1.0
TBCA,0.0,0.0,0.0,1.0,1.0
RPS23,14.0,2.0,9.0,29.0,17.0
VCAN,0.0,0.0,0.0,0.0,1.0
HAPLN1,0.0,0.0,0.0,0.0,1.0
EDIL3,0.0,0.0,0.0,0.0,2.0
COX7C,2.0,1.0,1.0,4.0,5.0
MEF2C,0.0,0.0,0.0,1.0,0.0
REEP5,0.0,0.0,0.0,2.0,1.0
HINT1,2.0,0.0,0.0,4.0,1.0
CDC42SE2,1.0,0.0,0.0,0.0,0.0
IRF1,0.0,0.0,0.0,1.0,5.0
UQCRQ,0.0,1.0,0.0,2.0,1.0
SKP1,1.0,0.0,1.0,1.0,3.0
DDX46,0.0,0.0,0.0,0.0,1.0
TXNDC15,0.0,0.0,0.0,1.0,0.0
CXCL14,0.0,0.0,0.0,0.0,6.0
EGR1,0.0,0.0,0.0,0.0,11.0
PAIP2,0.0,0.0,0.0,1.0,0.0
MZB1,0.0,0.0,0.0,19.0,0.0
NDUFA2,0.0,0.0,0.0,1.0,1.0
CD74,1.0,0.0,1.0,4.0,0.0
RPS14,17.0,3.0,8.0,39.0,14.0
GPX3,0.0,0.0,0.0,0.0,1.0
SPARC,0.0,0.0,0.0,0.0,3.0
ATOX1,0.0,0.0,0.0,1.0,1.0
NPM1,3.0,0.0,1.0,4.0,3.0
DUSP1,0.0,0.0,0.0,1.0,3.0
ATP6V0E1,1.0,0.0,1.0,1.0,1.0
HIGD2A,0.0,0.0,0.0,1.0,1.0
LMAN2,0.0,0.0,0.0,3.0,0.0
TMED9,0.0,0.0,0.0,2.0,1.0
HNRNPH1,0.0,0.0,0.0,1.0,1.0
CANX,0.0,0.0,0.0,1.0,0.0
SQSTM1,0.0,0.0,0.0,1.0,1.0
RACK1,5.0,1.0,3.0,12.0,7.0
SERPINB1,0.0,0.0,1.0,0.0,0.0
SERPINB6,0.0,0.0,0.0,0.0,1.0
TMEM14C,0.0,0.0,0.0,0.0,1.0
CD83,0.0,0.0,1.0,0.0,0.0
SOX4,0.0,0.0,0.0,0.0,1.0
H4C3,2.0,1.0,0.0,1.0,1.0
BTN3A2,0.0,0.0,0.0,1.0,0.0
HLA-A,8.0,2.0,2.0,4.0,6.0
HLA-E,3.0,0.0,1.0,4.0,5.0
PPP1R10,0.0,0.0,0.0,1.0,1.0
TUBB,0.0,0.0,0.0,0.0,1.0
IER3,0.0,0.0,0.0,0.0,1.0
HLA-C,6.0,1.0,2.0,15.0,6.0
HLA-B,12.0,2.0,3.0,15.0,7.0
DDAH2,0.0,0.0,0.0,0.0,1.0
CLIC1,2.0,1.0,2.0,2.0,1.0
HSPA1A,0.0,0.0,0.0,0.0,4.0
HSPA1B,0.0,0.0,0.0,0.0,1.0
SNHG32,0.0,0.0,0.0,0.0,1.0
TNXB,0.0,0.0,0.0,0.0,1.0
GPSM3,1.0,0.0,0.0,0.0,0.0
HLA-DRA,0.0,0.0,1.0,0.0,0.0
PSMB8,0.0,0.0,0.0,0.0,1.0
PSMB9,1.0,0.0,0.0,0.0,0.0
BRD2,0.0,0.0,0.0,1.0,1.0
HLA-DPA1,0.0,0.0,1.0,0.0,0.0
HLA-DPB1,0.0,0.0,1.0,0.0,0.0
RPS18,25.0,6.0,9.0,47.0,22.0
TAPBP,0.0,0.0,0.0,1.0,0.0
CUTA,0.0,0.0,0.0,2.0,1.0
RPS10,3.0,0.0,1.0,4.0,1.0
RPL10A,7.0,1.0,2.0,12.0,8.0
SRSF3,1.0,0.0,1.0,1.0,3.0
CDKN1A,0.0,0.0,0.0,0.0,1.0
HSP90AB1,2.0,0.0,2.0,3.0,6.0
DST,0.0,0.0,0.0,0.0,1.0
EEF1A1,26.0,2.0,11.0,50.0,31.0
COX7A2,1.0,1.0,1.0,3.0,1.0
HMGN3,0.0,0.0,0.0,1.0,1.0
PNRC1,1.0,0.0,0.0,1.0,1.0
UBE2J1,0.0,0.0,0.0,2.0,0.0
PNISR,1.0,0.0,0.0,2.0,2.0
PRDM1,0.0,0.0,0.0,1.0,0.0
CD164,0.0,0.0,0.0,1.0,0.0
FYN,1.0,0.0,0.0,0.0,0.0
LAMA4,0.0,0.0,0.0,0.0,1.0
MARCKS,0.0,0.0,0.0,0.0,1.0
RWDD1,0.0,0.0,0.0,1.0,1.0
EPB41L2,0.0,0.0,0.0,0.0,1.0
RPS12,23.0,4.0,11.0,33.0,25.0
TCF21,0.0,0.0,0.0,0.0,2.0
BCLAF1,0.0,0.0,0.0,0.0,1.0
TNFAIP3,3.0,0.0,0.0,0.0,0.0
ABRACL,1.0,0.0,0.0,0.0,0.0
SF3B5,0.0,0.0,0.0,1.0,1.0
DYNLT1,0.0,0.0,0.0,0.0,1.0
SYTL3,1.0,0.0,0.0,0.0,0.0
EZR,1.0,1.0,0.0,2.0,0.0
PSMB1,1.0,0.0,0.0,2.0,1.0
ACTB,8.0,2.0,4.0,2.0,8.0
RAC1,0.0,0.0,0.0,0.0,1.0
NDUFA4,1.0,0.0,1.0,3.0,3.0
AGR2,0.0,1.0,0.0,0.0,0.0
TOMM7,3.0,0.0,1.0,4.0,3.0
TRA2A,0.0,0.0,0.0,0.0,1.0
CYCS,1.0,1.0,1.0,2.0,1.0
HNRNPA2B1,2.0,1.0,1.0,2.0,4.0
TAX1BP1,0.0,0.0,0.0,0.0,1.0
LSM5,0.0,0.0,0.0,1.0,0.0
SEPTIN7,1.0,0.0,0.0,0.0,2.0
AEBP1,0.0,0.0,0.0,0.0,1.0
TMED4,0.0,0.0,0.0,1.0,0.0
PPIA,2.0,0.0,1.0,1.0,3.0
SEC61G,0.0,0.0,0.0,4.0,1.0
CHCHD2,2.0,0.0,1.0,2.0,2.0
BUD23,0.0,0.0,0.0,1.0,0.0
CLDN4,0.0,2.0,0.0,0.0,0.0
HSPB1,0.0,0.0,0.0,0.0,1.0
SRI,0.0,0.0,0.0,0.0,1.0
AKAP9,0.0,1.0,0.0,1.0,1.0
FAM133B,0.0,0.0,0.0,0.0,2.0
GNG11,0.0,0.0,0.0,0.0,1.0
COL1A2,0.0,0.0,0.0,0.0,7.0
SEM1,0.0,0.0,0.0,1.0,1.0
ATP5MF,0.0,0.0,0.0,1.0,1.0
COPS6,0.0,0.0,0.0,0.0,1.0
LAMTOR4,0.0,0.0,1.0,1.0,1.0
PCOLCE,0.0,0.0,0.0,0.0,1.0
MUC12,0.0,1.0,0.0,0.0,0.0
FIS1,0.0,0.0,0.0,1.0,1.0
KMT2E,1.0,0.0,0.0,1.0,1.0
NAMPT,0.0,0.0,0.0,0.0,2.0
LAMB1,0.0,0.0,0.0,0.0,1.0
DNAJB9,0.0,0.0,0.0,3.0,0.0
IFRD1,0.0,0.0,0.0,0.0,1.0
CALU,0.0,0.0,0.0,0.0,1.0
ATP6V1F,0.0,0.0,1.0,0.0,0.0
CALD1,0.0,0.0,0.0,0.0,7.0
PTN,0.0,0.0,0.0,0.0,3.0
ZC3HAV1,0.0,0.0,0.0,0.0,1.0
NDUFB2,1.0,0.0,1.0,1.0,1.0
SSBP1,0.0,0.0,0.0,1.0,1.0
ENSG00000211751,1.0,0.0,0.0,0.0,0.0
ENSG00000211772,2.0,0.0,0.0,0.0,0.0
GSTK1,1.0,0.0,0.0,0.0,0.0
PDIA4,0.0,0.0,0.0,1.0,0.0
RARRES2,0.0,0.0,0.0,0.0,2.0
TMEM176B,0.0,0.0,0.0,0.0,5.0
TMEM176A,0.0,0.0,0.0,0.0,2.0
DNAJB6,1.0,0.0,0.0,0.0,1.0
SLC25A6,1.0,0.0,1.0,4.0,2.0
CD99,1.0,0.0,0.0,0.0,1.0
TMSB4X,51.0,4.0,21.0,13.0,21.0
EIF1AX,0.0,0.0,0.0,1.0,0.0
PRDX4,0.0,0.0,0.0,4.0,0.0
SAT1,1.0,2.0,4.0,2.0,2.0
DDX3X,1.0,0.0,1.0,1.0,2.0
NDUFB11,0.0,0.0,0.0,2.0,1.0
TIMP1,0.0,0.0,0.0,3.0,3.0
UXT,1.0,0.0,0.0,1.0,0.0
RBM3,0.0,0.0,0.0,1.0,1.0
PIM2,0.0,0.0,0.0,1.0,0.0
PLP2,0.0,0.0,0.0,1.0,0.0
MSN,1.0,0.0,0.0,0.0,0.0
IL2RG,1.0,0.0,0.0,0.0,0.0
RPS4X,12.0,1.0,7.0,31.0,13.0
ATRX,0.0,0.0,0.0,0.0,1.0
COX7B,1.0,1.0,0.0,1.0,1.0
PGK1,1.0,0.0,0.0,0.0,0.0
ITM2A,1.0,0.0,0.0,0.0,0.0
SH3BGRL,0.0,0.0,0.0,0.0,1.0
RPL36A,1.0,0.0,0.0,2.0,1.0
ARMCX3,0.0,0.0,0.0,1.0,0.0
TCEAL9,0.0,0.0,0.0,0.0,1.0
BEX3,0.0,0.0,0.0,0.0,1.0
TCEAL4,0.0,0.0,0.0,0.0,1.0
MORF4L2,0.0,0.0,0.0,0.0,1.0
TSC22D3,1.0,0.0,0.0,4.0,0.0
SLC25A5,1.0,0.0,0.0,1.0,1.0
SEPTIN6,1.0,0.0,0.0,0.0,0.0
RPL39,17.0,2.0,10.0,29.0,13.0
NDUFA1,1.0,1.0,1.0,2.0,1.0
RBMX,0.0,0.0,0.0,0.0,1.0
SSR4,1.0,0.0,1.0,53.0,1.0
RPL10,29.0,3.0,15.0,80.0,31.0
CTSB,0.0,0.0,0.0,0.0,1.0
ASAH1,0.0,0.0,1.0,0.0,0.0
ADAM28,0.0,0.0,0.0,0.0,1.0
ADAMDEC1,0.0,0.0,0.0,0.0,34.5
BNIP3L,0.0,0.0,0.0,0.0,1.0
SCARA5,0.0,0.0,0.0,0.0,1.0
SARAF,1.0,0.0,0.0,1.0,0.0
LEPROTL1,2.0,0.0,0.0,0.0,0.0
PLPP5,0.0,0.0,0.0,2.0,0.0
TCIM,0.0,0.0,0.0,0.0,2.0
PLAT,0.0,0.0,0.0,0.0,1.0
CEBPD,0.0,0.0,0.0,0.0,1.0
TCEA1,0.0,0.0,0.0,1.0,0.0
RPS20,3.0,0.0,2.0,5.0,3.0
SDCBP,1.0,0.0,2.0,0.0,1.0
TRAM1,0.0,0.0,0.0,2.0,0.0
RPL7,3.0,0.0,2.0,7.0,5.0
ELOC,0.0,0.0,0.0,0.0,1.0
STMN2,0.0,0.0,0.0,0.0,1.0
TPD52,0.0,0.0,0.0,1.0,0.0
FABP5,0.0,0.0,0.0,0.0,2.0
RBIS,0.0,0.0,0.0,1.0,1.0
GEM,0.0,0.0,0.0,0.0,1.0
UQCRB,2.0,0.0,1.0,3.0,2.0
MTDH,0.0,0.0,0.0,1.0,0.0
MATN2,0.0,0.0,0.0,0.0,1.0
RPL30,17.0,2.0,9.0,26.0,17.0
COX6C,1.0,1.0,1.0,2.0,1.0
PABPC1,2.0,0.0,1.0,2.0,2.0
YWHAZ,1.0,1.0,1.0,1.0,1.0
ZNF706,0.0,0.0,0.0,1.0,0.0
KLF10,0.0,0.0,0.0,0.0,1.0
EIF3E,1.0,0.0,0.0,2.0,1.0
ENY2,0.0,0.0,0.0,1.0,1.0
EIF3H,1.0,0.0,0.0,1.0,1.0
COL14A1,0.0,0.0,0.0,0.0,1.0
DERL1,0.0,0.0,0.0,1.0,0.0
EEF1D,4.0,1.0,1.0,9.0,4.0
VPS28,0.0,0.0,0.0,0.0,1.0
RPL8,8.0,3.0,5.0,26.0,7.0
RPS6,12.0,2.0,5.0,23.0,12.0
DNAJA1,1.0,0.0,1.0,1.0,5.0
TPM2,0.0,0.0,0.0,0.0,1.0
KLF9,0.0,0.0,0.0,0.0,1.0
ZFAND5,0.0,0.0,0.0,0.0,1.0
ANXA1,3.0,0.0,4.0,0.0,2.0
OSTF1,1.0,0.0,0.0,0.0,0.0
TLE4,0.0,0.0,0.0,0.0,1.0
HNRNPK,1.0,0.0,1.0,1.0,1.0
PTCH1,0.0,0.0,0.0,0.0,1.0
NANS,0.0,0.0,0.0,1.0,0.0
SEC61B,1.0,0.0,1.0,9.0,1.0
ERP44,0.0,0.0,0.0,1.0,0.0
KLF4,0.0,0.0,0.0,0.0,1.0
TXN,0.0,1.0,1.0,1.0,1.0
ATP6V1G1,1.0,0.0,1.0,1.0,1.0
GSN,0.0,0.0,0.0,0.0,6.0
STOM,0.0,0.0,0.0,0.0,1.0
RPL35,8.0,2.0,4.0,16.0,8.0
HSPA5,1.0,0.0,1.0,5.0,1.0
RPL12,10.0,3.0,7.0,19.0,13.0
SET,0.0,0.0,0.0,0.0,1.0
RPL7A,9.0,2.0,6.0,27.0,13.0
COL5A1,0.0,0.0,0.0,0.0,1.0
PHPT1,0.0,0.0,0.0,1.0,1.0
EDF1,1.0,1.0,1.0,3.0,2.0
TUBB4B,0.0,1.0,0.0,1.0,2.0
IFITM2,1.0,0.0,0.0,0.0,2.0
IFITM1,0.0,0.0,0.0,0.0,2.0
IFITM3,0.0,0.0,0.0,0.0,8.0
RNH1,0.0,0.0,0.0,0.0,1.0
RPLP2,13.0,2.0,5.0,20.0,9.0
CD151,0.0,0.0,0.0,0.0,1.0
POLR2L,1.0,1.0,1.0,2.0,2.0
TSPAN4,0.0,0.0,0.0,0.0,1.0
CTSD,0.0,1.0,1.0,0.0,1.0
LSP1,1.0,0.0,0.0,1.0,1.0
CD81,0.0,0.0,0.0,0.0,4.0
KCNQ1OT1,0.0,0.0,0.0,0.0,1.0
RPL27A,8.0,2.0,3.0,12.0,6.0
EIF4G2,1.0,0.0,0.0,1.0,1.0
C11orf58,1.0,0.0,0.0,1.0,1.0
RPS13,9.0,1.0,6.0,16.0,11.0
NUCB2,0.0,0.0,0.0,1.0,0.0
LDHA,1.0,0.0,0.0,1.0,2.0
CD44,1.0,0.0,1.0,1.0,1.0
SERPING1,0.0,0.0,0.0,0.0,2.0
SELENOH,0.0,0.0,0.0,1.0,1.0
TMEM258,1.0,0.0,1.0,7.0,1.0
FTH1,2.0,1.0,7.0,1.0,4.0
AHNAK,0.0,0.0,0.0,2.0,2.0
UBXN1,1.0,0.0,0.0,1.0,1.0
PLAAT4,1.0,0.0,0.0,0.0,1.0
COX8A,1.0,0.0,1.0,1.0,1.0
FKBP2,0.0,0.0,0.0,9.0,1.0
TRMT112,1.0,0.0,0.0,2.0,1.0
PRDX5,0.0,1.0,0.0,1.0,1.0
FAU,9.0,2.0,6.0,22.0,9.0
NEAT1,1.0,7.0,2.0,11.0,16.0
MALAT1,218.0,230.0,112.0,307.0,268.5
CFL1,4.0,1.0,2.0,2.0,3.0
BANF1,0.0,0.0,0.0,0.0,1.0
SF3B2,0.0,0.0,0.0,0.0,1.0
CDK2AP2,0.0,0.0,0.0,1.0,0.0
GSTP1,0.0,1.0,1.0,3.0,2.0
SPCS2,1.0,0.0,0.0,10.0,1.0
RPS3,17.0,2.0,6.0,25.0,11.0
SERPINH1,0.0,0.0,0.0,0.0,1.0
NDUFC2,0.0,0.0,0.0,2.0,1.0
CTSC,0.0,0.0,0.0,0.0,7.0
TAF1D,0.0,0.0,0.0,1.0,1.0
BIRC3,0.0,0.0,1.0,0.0,0.0
POU2AF1,0.0,0.0,0.0,1.0,0.0
NNMT,0.0,0.0,0.0,0.0,3.5
CD3E,2.0,0.0,0.0,0.0,0.0
CD3D,3.0,0.0,0.0,0.0,0.0
CD3G,1.0,0.0,0.0,0.0,0.0
ATP5MG,2.0,1.0,1.0,5.0,2.0
RPS25,9.0,1.0,5.0,16.0,8.0
THY1,0.0,0.0,0.0,0.0,1.0
HSPA8,2.0,1.0,1.0,2.0,3.0
SRPRA,0.0,0.0,0.0,1.0,0.0
APLP2,0.0,0.0,0.0,0.0,1.0
KLF6,1.0,1.0,1.0,2.0,1.0
ITIH5,0.0,0.0,0.0,0.0,1.0
ATP5F1C,0.0,0.0,0.0,0.0,1.0
UPF2,0.0,0.0,0.0,1.0,0.0
VIM,2.0,0.0,3.0,5.0,7.0
COMMD3,0.0,0.0,0.0,1.0,0.0
YME1L1,0.0,0.0,0.0,0.0,1.0
EPC1,0.0,0.0,0.0,0.0,1.0
ITGB1,0.0,0.0,0.0,0.0,2.0
CREM,4.0,0.0,0.0,0.0,0.0
HNRNPF,1.0,0.0,0.0,0.0,1.0
CXCL12,0.0,0.0,0.0,0.0,1.0
ARID5B,0.0,0.0,0.0,1.0,2.0
HNRNPH3,0.0,0.0,0.0,0.0,1.0
SRGN,6.0,0.0,5.0,5.0,0.0
PPA1,0.0,0.0,0.0,1.0,1.0
PSAP,0.0,0.0,1.0,1.0,1.0
ANAPC16,1.0,0.0,0.0,1.0,1.0
VDAC2,0.0,0.0,0.0,1.0,0.0
RPS24,10.0,2.0,8.0,18.0,15.0
GHITM,0.0,0.0,0.0,1.0,0.0
ADIRF,0.0,0.0,0.0,0.0,2.0
PDLIM1,0.0,0.0,0.0,0.0,1.0
NDUFB8,0.0,0.0,0.0,1.0,1.0
ATP5MK,1.0,1.0,1.0,1.0,1.0
DUSP5,0.0,0.0,0.0,1.0,0.0
PDCD4,1.0,0.0,0.0,1.0,0.0
EIF3A,0.0,0.0,0.0,1.0,1.0
RGS10,0.0,0.0,1.0,0.0,0.0
CD9,0.0,0.0,0.0,0.0,1.0
CD27,0.0,0.0,0.0,2.0,0.0
MRPL51,0.0,0.0,0.0,1.0,1.0
GAPDH,4.0,2.0,2.0,4.0,4.0
PTMS,0.0,0.0,0.0,0.0,1.0
TPI1,1.0,1.0,1.0,0.0,2.0
C12orf57,1.0,0.0,0.0,1.0,2.0
C1S,0.0,0.0,0.0,0.0,6.0
C1R,0.0,0.0,0.0,0.0,4.5
SLC2A3,1.0,0.0,0.0,0.0,1.0
A2M,0.0,0.0,0.0,0.0,7.0
KLRB1,2.0,0.0,0.0,0.0,0.0
CLEC2D,1.0,0.0,0.0,0.0,0.0
CD69,1.0,0.0,0.0,0.0,0.0
CLEC2B,1.0,0.0,0.0,0.0,1.0
YBX3,0.0,0.0,0.0,0.0,1.0
EMP1,0.0,0.0,0.0,0.0,1.0
ARHGDIB,3.0,0.0,1.0,0.0,0.0
LDHB,1.0,0.0,0.0,1.0,1.0
ERGIC2,0.0,0.0,0.0,1.0,0.0
SCAF11,0.0,0.0,0.0,0.0,1.0
SLC38A2,0.0,0.0,0.0,0.0,1.0
FKBP11,0.0,0.0,0.0,5.0,0.0
TUBA1B,1.0,1.0,1.0,1.0,2.0
TUBA1A,0.0,0.0,0.0,0.0,3.0
SPATS2,0.0,0.0,0.0,1.0,0.0
TMBIM6,1.0,1.0,1.0,3.0,2.0
LIMA1,0.0,0.0,0.0,0.0,1.0
NR4A1,0.0,0.0,0.0,0.0,1.0
KRT8,0.0,5.0,0.0,0.0,0.0
KRT18,0.0,3.0,0.0,0.0,0.0
EIF4B,0.0,0.0,0.0,1.0,1.0
PFDN5,3.0,0.0,2.0,6.0,4.0
PCBP2,0.0,0.0,0.0,1.0,1.0
ATP5MC2,1.0,0.0,1.0,3.0,2.0
HNRNPA1,2.0,0.0,1.0,3.0,3.0
BLOC1S1,0.0,1.0,0.0,0.0,1.0
CD63,1.0,1.0,2.0,7.0,13.0
RPS26,4.0,2.0,3.0,6.0,6.0
RPL41,33.0,7.0,14.0,64.0,28.5
MYL6,3.0,2.0,2.0,4.0,6.0
CNPY2,0.0,0.0,0.0,1.0,0.0
ATP5F1B,0.0,0.0,0.0,1.0,1.0
PTGES3,1.0,0.0,0.0,1.0,1.0
NACA,5.0,1.0,4.0,13.0,7.0
LRP1,0.0,0.0,0.0,0.0,2.0
OS9,0.0,0.0,0.0,1.0,1.0
TMBIM4,0.0,0.0,0.0,1.0,1.0
TSPAN8,0.0,1.0,0.0,0.0,0.0
PHLDA1,0.0,0.0,0.0,0.0,1.0
NAP1L1,1.0,0.0,1.0,1.0,2.0
LUM,0.0,0.0,0.0,0.0,7.0
DCN,0.0,0.0,0.0,0.0,10.0
BTG1,3.0,0.0,0.0,1.0,1.0
NDUFA12,0.0,0.0,0.0,0.0,1.0
SLC25A3,0.0,0.0,1.0,1.0,1.0
HSP90B1,0.0,0.0,1.0,10.0,2.0
ARPC3,2.0,0.0,2.0,2.0,1.0
ERP29,1.0,0.0,0.0,3.0,1.0
RPL6,8.0,1.0,4.0,19.0,10.0
PEBP1,0.0,0.0,1.0,1.0,1.0
RPLP0,4.0,1.0,2.0,11.0,6.0
COX6A1,1.0,1.0,0.0,2.0,1.0
DYNLL1,1.0,1.0,1.0,2.0,4.0
RSRC2,1.0,0.0,0.0,1.0,1.0
TMED2,0.0,0.0,0.0,1.0,0.0
UBC,8.0,3.0,3.0,32.0,9.0
RAN,1.0,0.0,0.0,1.0,1.0
MPHOSPH8,0.0,0.0,0.0,1.0,1.0
SAP18,1.0,0.0,1.0,1.0,2.0
RPL21,14.0,1.0,7.0,24.0,14.0
POMP,1.0,0.0,1.0,1.0,1.0
HMGB1,2.0,1.0,1.0,2.0,5.0
ALOX5AP,1.0,0.0,0.0,0.0,0.0
N4BP2L2,1.0,0.0,0.0,1.0,1.0
ALG5,0.0,0.0,0.0,1.0,0.0
UFM1,0.0,0.0,0.0,1.0,0.0
ELF1,1.0,0.0,0.0,0.0,0.0
TSC22D1,0.0,0.0,0.0,0.0,1.0
TPT1,25.0,6.0,13.0,53.0,30.0
LCP1,1.0,0.0,0.0,0.0,0.0
ESD,0.0,0.0,0.0,0.0,1.0
ITM2B,0.0,0.0,1.0,0.0,1.0
FNDC3A,0.0,0.0,0.0,1.0,0.0
INTS6,0.0,0.0,0.0,0.0,1.0
COMMD6,2.0,0.0,1.0,1.0,2.0
DNAJC3,0.0,0.0,0.0,1.0,0.0
COL4A2,0.0,0.0,0.0,0.0,1.0
HNRNPC,1.0,0.0,0.0,1.0,1.0
ENSG00000277734,2.0,0.0,0.0,0.0,0.0
DAD1,1.0,0.0,1.0,3.0,2.0
MRPL52,0.0,0.0,0.0,1.0,0.0
PSME1,1.0,0.0,0.0,1.0,1.0
PSME2,1.0,0.0,0.0,1.0,1.0
NEDD8,1.0,0.0,0.0,1.0,1.0
SRP54,0.0,0.0,0.0,1.0,0.0
NFKBIA,0.0,0.0,1.0,0.0,3.0
PNN,0.0,0.0,0.0,0.0,1.0
RPS29,16.0,2.0,5.0,15.0,7.0
RPL36AL,4.0,1.0,3.0,12.0,3.0
RTRAF,0.0,0.0,0.0,1.0,1.0
BMP4,0.0,0.0,0.0,0.0,2.0
LGALS3,0.0,2.0,3.0,0.0,3.0
ZFP36L1,0.0,0.0,0.0,0.0,7.0
ERH,0.0,0.0,0.0,1.0,1.0
SRSF5,1.0,0.0,0.0,1.0,1.0
RBM25,1.0,0.0,0.0,1.0,1.0
NPC2,0.0,0.0,1.0,1.0,1.0
TMED10,0.0,0.0,0.0,2.0,0.0
FOS,1.0,2.0,1.0,3.0,51.0
SEL1L,0.0,0.0,0.0,1.0,0.0
CALM1,1.0,0.0,0.0,1.0,1.0
NDUFB1,0.0,0.0,0.0,1.0,1.0
DDX24,1.0,0.0,0.0,1.0,1.0
IFI27,0.0,2.0,0.0,0.0,2.0
IFI27L2,0.0,0.0,0.0,1.0,1.0
PAPOLA,0.0,0.0,0.0,1.0,0.0
EVL,1.0,0.0,0.0,0.0,0.0
WARS1,0.0,0.0,0.0,0.0,1.0
MEG3,0.0,0.0,0.0,0.0,4.0
PPP2R5C,1.0,0.0,0.0,0.0,0.0
HSP90AA1,4.0,1.0,2.0,4.0,10.0
TNFAIP2,0.0,0.0,0.0,0.0,1.0
EIF5,0.0,0.0,0.0,1.0,1.0
ATP5MJ,0.0,0.0,0.0,1.0,1.0
SIVA1,0.0,0.0,0.0,1.0,0.0
CRIP1,1.0,0.0,0.0,0.0,0.0
ENSG00000211890,0.0,0.0,0.0,86.0,0.0
ENSG00000211895,1.0,1.0,1.0,1508.0,1.0
EMC7,0.0,0.0,0.0,1.0,0.0
NOP10,0.0,0.0,0.0,1.0,0.0
THBS1,0.0,0.0,0.0,0.0,1.0
SRP14,2.0,1.0,2.0,2.0,4.0
PHGR1,0.0,3.0,0.0,0.0,0.0
ZNF106,0.0,0.0,0.0,0.0,1.0
SERF2,4.0,3.0,4.0,8.0,7.0
B2M,53.0,4.0,16.0,83.0,35.0
C15orf48,0.0,1.0,0.0,0.0,0.0
EID1,1.0,0.0,0.0,1.0,3.0
RSL24D1,0.0,0.0,0.0,1.0,1.0
CCPG1,0.0,0.0,0.0,1.0,0.0
ANXA2,0.0,0.0,0.0,1.0,2.0
TPM1,0.0,0.0,0.0,0.0,1.0
RPS27L,1.0,0.0,0.0,2.0,2.0
PPIB,1.0,0.0,0.0,6.0,3.0
RPL4,3.0,0.0,1.0,6.0,3.0
RPLP1,35.0,4.0,15.0,85.0,28.0
PKM,0.0,0.0,0.0,0.0,1.0
MORF4L1,1.0,0.0,1.0,1.0,2.0
SEC11A,0.0,0.0,0.0,1.0,1.0
AKAP13,1.0,0.0,0.0,0.0,0.0
ISG20,1.0,0.0,0.0,3.0,0.0
CIB1,1.0,0.0,0.0,0.0,0.0
SELENOS,0.0,0.0,0.0,4.0,0.0
NDUFB10,0.0,0.0,0.0,1.0,0.0
RPS2,2.0,1.0,1.0,3.0,2.0
SRRM2,0.0,0.0,0.0,1.0,1.0
ELOB,1.0,1.0,1.0,2.0,2.0
IL32,5.0,0.0,0.0,0.0,0.0
SMIM22,0.0,1.0,0.0,0.0,0.0
EMP2,0.0,0.0,0.0,0.0,1.0
LITAF,0.0,0.0,0.0,0.0,1.0
TNFRSF17,0.0,0.0,0.0,5.0,0.0
RPS15A,17.0,1.0,6.0,28.0,13.0
NUPR1,0.0,0.0,0.0,0.0,2.0
CORO1A,2.0,0.0,0.0,0.0,0.0
FUS,1.0,0.0,0.0,1.0,2.0
CHD9,0.0,0.0,0.0,0.0,1.0
MMP2,0.0,0.0,0.0,0.0,2.0
MT1E,0.0,1.0,0.0,0.0,0.0
MT1G,0.0,1.0,0.0,0.0,0.0
HERPUD1,0.0,0.0,0.0,7.0,0.0
CKLF,1.0,0.0,0.0,0.0,0.0
CIAO2B,0.0,0.0,0.0,1.0,1.0
TMEM208,0.0,0.0,0.0,1.0,0.0
GABARAPL2,0.0,0.0,0.0,0.0,1.0
PLCG2,0.0,13.0,0.0,0.0,1.0
HSBP1,0.0,0.0,0.0,0.0,1.0
CRISPLD2,0.0,0.0,0.0,0.0,1.0
COX4I1,2.0,1.0,2.0,3.0,3.0
LINC01082,0.0,0.0,0.0,0.0,2.0
CYBA,0.0,0.0,0.0,1.0,0.0
APRT,1.0,0.0,0.0,1.0,1.0
RPL13,2.0,1.0,1.0,4.0,2.0
TCF25,1.0,1.0,0.0,1.0,1.0
YWHAE,0.0,0.0,0.0,1.0,1.0
SERPINF1,0.0,0.0,0.0,0.0,1.0
PSMB6,0.0,0.0,0.0,1.0,1.0
PFN1,1.0,0.0,0.0,0.0,0.0
ACADVL,0.0,1.0,0.0,0.0,0.0
CLDN7,0.0,2.0,0.0,0.0,0.0
ACAP1,1.0,0.0,0.0,0.0,0.0
TMEM256,0.0,0.0,0.0,1.0,0.0
EIF4A1,0.0,0.0,0.0,0.0,1.0
SAT2,0.0,0.0,0.0,0.0,1.0
RPL26,11.0,1.0,6.0,20.0,10.0
PMP22,0.0,0.0,0.0,0.0,2.0
UBB,3.0,1.0,3.0,4.0,8.0
TNFRSF13B,0.0,0.0,0.0,1.0,0.0
MFAP4,0.0,0.0,0.0,0.0,4.0
WSB1,0.0,0.0,0.0,0.0,2.0
RPL23A,11.0,1.0,4.0,20.0,9.0
EVI2B,0.0,0.0,0.0,1.0,0.0
ZNF207,0.0,0.0,0.0,0.0,1.0
CCL2,0.0,0.0,0.0,0.0,9.0
CCL5,8.0,0.0,0.0,0.0,0.0
PSMB3,0.0,0.0,0.0,1.0,1.0
RPL23,3.0,0.0,3.0,4.0,4.0
RPL19,14.0,2.0,7.0,28.0,15.0
KRT19,0.0,1.0,0.0,0.0,0.0
EIF1,9.0,2.0,6.0,21.0,19.0
STAT3,0.0,0.0,0.0,0.0,1.0
RPL27,6.0,1.0,2.0,8.0,6.0
GRN,0.0,0.0,0.0,0.0,1.0
ATP5MC1,0.0,0.0,0.0,1.0,0.0
COL1A1,0.0,0.0,0.0,0.0,6.0
LUC7L3,0.0,0.0,0.0,1.0,1.0
VMP1,0.0,0.0,0.0,0.0,1.0
DDX5,4.0,1.0,2.0,4.0,7.0
ABCA8,0.0,0.0,0.0,0.0,2.0
RPL38,5.0,1.0,2.0,6.0,5.0
ATP5PD,0.0,0.0,0.0,1.0,1.0
SUMO2,1.0,0.0,1.0,2.0,3.0
H3-3B,7.0,2.0,8.0,14.0,15.0
CYGB,0.0,0.0,0.0,0.0,1.0
SEC14L1,0.0,0.0,0.0,1.0,0.0
SOCS3,0.0,0.0,0.0,0.0,5.0
TIMP2,0.0,0.0,0.0,0.0,1.0
LGALS3BP,0.0,0.0,0.0,0.0,2.0
RNF213,1.0,0.0,0.0,0.0,0.0
ACTG1,4.0,3.0,1.0,3.0,7.0
P4HB,0.0,0.0,0.0,1.0,0.0
ANAPC11,0.0,0.0,0.0,1.0,1.0
CD7,1.0,0.0,0.0,0.0,0.0
MYL12A,3.0,0.0,1.0,1.0,1.0
MYL12B,2.0,1.0,1.0,1.0,3.0
NDUFV2,0.0,0.0,0.0,1.0,0.0
ANKRD12,1.0,0.0,0.0,1.0,1.0
ATP5F1A,0.0,0.0,0.0,1.0,0.0
RPL17,1.0,0.0,0.0,1.0,0.0
TCF4,0.0,0.0,0.0,0.0,2.0
SEC11C,0.0,0.0,0.0,11.0,0.0
LMAN1,0.0,0.0,0.0,1.0,0.0
SNRPB,1.0,0.0,0.0,0.0,1.0
PRNP,0.0,0.0,0.0,0.0,1.0
TMEM230,0.0,0.0,0.0,1.0,0.0
DSTN,0.0,0.0,0.0,1.0,2.0
RRBP1,0.0,1.0,0.0,2.0,1.0
SMIM26,0.0,0.0,0.0,1.0,0.0
CST3,0.0,1.0,1.0,0.0,1.0
CST7,1.0,0.0,0.0,0.0,0.0
HM13,0.0,0.0,0.0,1.0,0.0
EIF2S2,0.0,0.0,0.0,1.0,0.0
DYNLRB1,0.0,0.0,0.0,0.0,1.0
PROCR,0.0,0.0,0.0,0.0,1.0
ERGIC3,0.0,0.0,0.0,1.0,0.0
ROMO1,0.0,0.0,0.0,1.0,1.0
RBM39,2.0,1.0,1.0,2.0,2.0
MYL9,0.0,0.0,0.0,0.0,1.0
RPN2,0.0,0.0,0.0,2.0,0.0
YWHAB,1.0,0.0,0.0,0.0,1.0
STK4,1.0,0.0,0.0,1.0,0.0
PLTP,0.0,0.0,0.0,0.0,1.0
ZFAS1,1.0,0.0,1.0,1.0,2.0
PCK1,0.0,1.0,0.0,0.0,0.0
GNAS,0.0,1.0,0.0,2.0,1.0
ATP5F1E,5.0,2.0,3.0,6.0,4.0
PSMA7,1.0,0.0,0.0,1.0,1.0
RPS21,7.0,1.0,3.0,10.0,5.0
PPDPF,0.0,1.0,0.0,0.0,1.0
BSG,0.0,0.0,0.0,1.0,1.0
CFD,0.0,0.0,0.0,0.0,1.0
GPX4,0.0,0.0,1.0,1.0,1.0
MIDN,0.0,0.0,0.0,0.0,1.0
CIRBP,1.0,0.0,1.0,3.0,2.0
RPS15,11.0,3.0,5.0,22.0,9.0
UQCR11,1.0,1.0,1.0,1.0,1.0
OAZ1,3.0,1.0,3.0,6.0,3.0
GADD45B,0.0,0.0,1.0,0.0,6.0
GNG7,0.0,0.0,0.0,1.0,0.0
TLE5,0.0,0.0,0.0,0.0,1.0
NFIC,0.0,0.0,0.0,0.0,1.0
MRPL54,0.0,0.0,0.0,1.0,0.0
EEF2,1.0,1.0,1.0,4.0,3.0
RPL36,10.0,5.0,5.0,20.0,11.0
MICOS13,0.0,0.0,0.0,1.0,1.0
NDUFA11,0.0,0.0,0.0,1.0,1.0
PET100,0.0,0.0,0.0,1.0,0.0
RPS28,16.0,3.0,10.0,34.0,20.0
UBL5,1.0,1.0,1.0,2.0,2.0
EIF3G,1.0,0.0,0.0,1.0,1.0
ICAM1,0.0,0.0,0.0,0.0,1.0
ICAM3,0.0,0.0,0.0,2.0,0.0
WDR83OS,0.0,0.0,0.0,1.0,1.0
JUNB,0.0,0.0,1.0,1.0,7.0
PRDX2,0.0,0.0,0.0,1.0,1.0
CALR,1.0,0.0,0.0,3.0,1.0
IER2,0.0,1.0,0.0,0.0,2.0
C19orf53,1.0,0.0,0.0,1.0,1.0
ENSG00000267519,0.0,0.0,0.0,1.0,0.0
DNAJB1,1.0,0.0,0.0,0.0,2.0
TECR,0.0,0.0,0.0,1.0,0.0
NDUFB7,0.0,1.0,0.0,1.0,1.0
TPM4,0.0,0.0,0.0,0.0,1.0
BST2,0.0,0.0,1.0,1.0,2.0
RPL18A,12.0,3.0,4.0,29.0,13.0
JUND,2.0,0.0,3.0,3.0,2.0
FKBP8,0.0,0.0,0.0,0.0,1.0
UBA52,6.0,1.0,3.0,8.0,5.0
COPE,1.0,0.0,0.0,2.0,1.0
NDUFA13,0.0,0.0,0.0,1.0,0.0
FXYD3,0.0,1.0,0.0,0.0,0.0
FXYD1,0.0,0.0,0.0,0.0,1.0
FXYD5,1.0,0.0,0.0,1.0,0.0
COX6B1,1.0,1.0,1.0,2.0,1.0
HCST,2.0,0.0,0.0,0.0,0.0
TYROBP,0.0,0.0,2.0,0.0,0.0
COX7A1,0.0,0.0,0.0,0.0,1.0
C19orf33,0.0,1.0,0.0,0.0,0.0
PSMD8,0.0,0.0,0.0,1.0,0.0
EIF3K,1.0,0.0,1.0,3.0,2.0
ACTN4,0.0,1.0,0.0,0.0,0.0
LGALS4,0.0,5.0,0.0,0.0,0.0
GMFG,1.0,0.0,0.0,1.0,0.0
ZFP36,1.0,0.0,1.0,2.0,12.0
RPS16,10.0,1.0,3.0,18.0,12.0
SERTAD1,0.0,0.0,0.0,0.0,2.0
LTBP4,0.0,0.0,0.0,0.0,1.0
RPS19,22.0,4.0,5.0,34.0,14.0
CD79A,0.0,0.0,0.0,4.0,0.0
RABAC1,0.0,0.0,0.0,3.0,1.0
FOSB,0.0,1.0,3.0,3.0,12.0
SNRPD2,1.0,0.0,0.0,1.0,1.0
AP2S1,0.0,0.0,0.0,0.0,0.5
SELENOW,0.0,0.0,0.0,0.0,2.0
EMP3,1.0,0.0,1.0,2.0,2.0
KDELR1,0.0,0.0,0.0,2.0,1.0
RPL18,10.0,2.0,5.0,29.0,11.0
PPP1R15A,0.0,1.0,1.0,1.0,4.0
NUCB1,0.0,0.0,0.0,0.0,1.0
FTL,6.0,2.0,25.0,33.0,22.0
CD37,1.0,0.0,0.0,0.0,0.0
RPL13A,8.0,3.0,3.0,12.0,8.0
RPS11,5.0,2.0,3.0,12.0,6.0
FCGRT,0.0,0.0,0.0,0.0,1.0
PRMT1,0.0,0.0,0.0,1.0,0.0
NKG7,1.0,0.0,0.0,0.0,0.0
ZNF331,1.0,0.0,0.0,0.0,0.0
MYADM,0.0,0.0,0.0,0.0,1.0
NDUFA3,0.0,0.0,0.0,1.0,0.0
RPS9,8.0,3.0,3.0,19.0,12.0
RPL28,18.0,5.0,6.0,20.0,14.0
RPS5,6.0,1.0,2.0,18.0,6.0
CHMP2A,0.0,0.0,0.0,1.0,1.0
RPS4Y1,1.0,0.0,0.0,1.0,1.0
ENSG00000211677,0.0,0.0,0.0,4.0,0.0
ENSG00000211679,0.0,0.0,0.0,1.0,0.0
DERL3,0.0,0.0,0.0,7.0,0.0
SNRPD3,0.0,0.0,0.0,0.0,1.0
XBP1,0.0,0.0,0.0,2.0,0.0
UQCR10,1.0,0.0,1.0,1.0,1.0
SELENOM,0.0,0.0,0.0,2.0,2.0
TIMP3,0.0,0.0,0.0,0.0,1.0
MYH9,0.0,0.0,0.0,0.0,1.0
EIF3D,0.0,0.0,0.0,1.0,0.0
RAC2,1.0,0.0,0.0,1.0,0.0
LGALS1,0.0,0.0,1.0,4.0,13.0
EIF3L,0.0,0.0,0.0,1.0,1.0
MAFF,0.0,0.0,0.0,0.0,1.0
DDX17,0.0,0.0,0.0,1.0,1.0
RPL3,15.0,2.0,5.0,47.0,18.0
ATF4,0.0,0.0,0.0,1.0,1.0
TNRC6B,0.0,0.0,0.0,0.0,1.0
ST13,0.0,0.0,0.0,1.0,1.0
RBX1,0.0,0.0,0.0,1.0,1.0
SNU13,1.0,0.0,0.0,2.0,1.0
SMDT1,0.0,0.0,0.0,2.0,0.0
CYB5R3,0.0,0.0,0.0,0.0,1.0
ARFGAP3,0.0,0.0,0.0,1.0,0.0
FBLN1,0.0,0.0,0.0,0.0,3.0
SAMSN1,2.0,0.0,0.0,0.0,0.0
ATP5PF,0.0,1.0,0.0,1.0,1.0
SOD1,1.0,0.0,0.0,1.0,1.0
SON,1.0,1.0,1.0,1.0,3.0
ATP5PO,0.0,0.0,0.0,1.0,1.0
CSTB,0.0,0.0,1.0,0.0,1.0
COL6A1,0.0,0.0,0.0,0.0,3.0
COL6A2,0.0,0.0,0.0,0.0,2.0
MT-ND1,23.0,40.0,12.0,55.0,38.0
MT-ND2,13.0,25.0,12.0,28.0,18.0
MT-CO1,55.0,126.0,33.0,83.0,74.5
MT-CO2,48.0,85.0,32.0,85.0,49.0
MT-ATP8,0.0,2.0,0.0,0.0,1.0
MT-ATP6,63.0,75.0,30.0,101.0,87.0
MT-CO3,57.0,110.0,29.0,95.0,83.0
MT-ND3,46.0,53.0,41.0,121.0,62.0
MT-ND4L,1.0,5.0,2.0,3.0,3.0
MT-ND4,27.0,56.0,22.0,59.0,40.0
MT-ND5,5.0,15.0,4.0,10.0,9.0
MT-ND6,0.0,0.0,0.0,1.0,0.0
MT-CYB,44.0,55.0,32.0,88.0,61.0
